Line,Station_Number,Station_Name,Station_Form,PAO,Elevator_and_Wheelchair_Ramps,Ticket_Gates_for_the_Disabled,Toilet_Facilities_for_Disabled,Reserved_Spaces_for_Wheelchairs,Doors_Open_Side,Elevator,Anti_slip_Strips,Train_Destination_Announcements,Public_Address_System,Priority_Seats_for_Visually_Impaired_Passengers,Tactile_Guide_Paths_quantity,Passenger_Information_Display_Systems_count,door_indicator_light_count,Train_Passenger_Information_Systems_quantity,1999_Sign_Language_Service_quantity
文湖線,BR13,松山機場站,地下,大廳層(B2)，近出口3,出口1、出口2、出口3,主詢問處旁,付費區(B2)，近詢問處；連通層(B1)，近出口3,第1節、第4節車廂,左側開門。,有,有,有,有,無,0,1,1,1,1
文湖線,BR12,中山國中站,高架,大廳層(3樓)，近出口,單一出口,主詢問處旁,付費區(3樓)，近出口,第1節、第4節車廂,右側開門。,有,有,有,有,無,出口電梯--大廳無障礙閘門--月臺,1,1,1,0
文湖線/松山新店線,BR11/G16,南京復興站,【文湖線】高架。【松山新店線】地下。,【文湖線】大廳層(3樓)，近出口7。【松山新店線】大廳層(B2)，近出口1。,【文湖線】出口7。【松山新店線】出口1、出口2。,主詢問處旁,【文湖線】付費區(3樓)，近出口7。【松山新店線】非付費區(B2)，近出口1、2；付費區(B2)，大廳走道中間。,【文湖線】第1節、第4節車廂。【松山新店線】第1節、第6節車廂。,【文湖線】右側開門。【松山新店線】左側開門。,有,有,有,有,無,【文湖線】3樓大廳無障礙閘門--月臺。【松山新店線】0。,1,1,1,0
文湖線/板南線,BR10/BL15,忠孝復興站,【文湖線】高架。【板南線】地下。,【文湖線】近SOGO復興館。【板南線】近出口1、2。,出口2,主詢問處旁,【文湖線】付費區(3樓)，近出口2，高揚層電扶梯。【板南線】付費區(B1)，近出口2，板南線及文湖線轉乘通道旁。,【文湖線】第1節、第4節車廂。【板南線】第1節、第6節車廂。,【文湖線】右側開門。【板南線】左側開門。,有,有,有,有,【文湖線】一、二月台前端。【板南線】一月台前端。,【文湖線】/【板南線】出口電梯--大廳無障礙閘門--月臺,1,1,1,0
文湖線/淡水信義線,BR09/R05,大安站,【文湖線】高架。【淡水信義線】地下。,【文湖線】大廳層(1樓)，近出口4。【淡水信義線】大廳層(B1)，近出口1、2、3。,【文湖線】出口4。【淡水信義線】出口3。,主詢問處旁,【文湖線】付費區(3樓)，近大廳電梯旁。【淡水信義線】付費區(B1)，近出口3；轉乘通道(M)。,【文湖線】第1節、第4節車廂。【淡水信義線】第1節、第6節車廂。,【文湖線】右側開門。【淡水信義線】左側開門。,有,有,有,有,無,【文湖線】出口--大廳無障礙閘門--月臺電梯--月臺。【淡水信義線】0。,1,1,1,0
文湖線,BR08,科技大樓站,高架,大廳層(3樓)，近出口1,出口1、出口2,主詢問處、簡易詢問處旁,付費區(3樓)， 近出口1,第1節、第4節車廂,右側開門。,有,有,有,有,無,出口電梯--大廳無障礙閘門--月臺(註：出口2無導盲設施),1,1,1,0
文湖線,BR07,六張犁站,高架,大廳層(3樓)，近出口,單一出口,主詢問處旁,付費區(3樓)， 近出口,第1節、第4節車廂,右側開門。,有,有,有,有,無,出口電梯--大廳無障礙閘門--月臺,1,1,1,0
文湖線,BR06,麟光站,高架,大廳層(1樓)，近出口,單一出口,主詢問處旁,付費區(1樓)， 近出口,第1節、第4節車廂,右側開門。,有,有,有,有,無,出口--大廳無障礙閘門--月臺電梯--月臺,1,1,1,0
文湖線,BR05,辛亥站,高架,大廳層(1樓)，近出口,單一出口,主詢問處旁,付費區(1樓)， 近出口,第1節、第4節車廂,右側開門。,有,有,有,有,無,出口--大廳無障礙閘門--月臺電梯--月臺,1,1,1,0
文湖線,BR04,萬芳醫院站,高架,大廳層(3樓)，近出口,單一出口,主詢問處旁,付費區(3樓)， 近出口,第1節、第4節車廂,右側開門。,有,有,有,有,無,出口電梯--大廳無障礙閘門--月臺,1,1,1,0
文湖線,BR03,萬芳社區站,高架,大廳層(1樓)，近出口,單一出口,主詢問處旁,付費區(1樓)， 近出口,第1節、第4節車廂,右側開門。,有,有,有,有,無,出口--大廳無障礙閘門--月臺電梯--月臺,1,1,1,0
文湖線,BR02,木柵站,高架,大廳層(1樓)，近出口,單一出口,主詢問處旁,付費區(1樓)， 近出口,第1節、第4節車廂,右側開門。,有,有,有,有,無,出口--大廳無障礙閘門--月臺電梯--月臺,1,1,1,0
文湖線,BR01,動物園站,高架,大廳層(3樓)，近出口1,出口1、出口2,主詢問處旁,非付費區(2樓)， 近出口2,第1節、第4節車廂,右側開門。,有,有,有,有,無,出口電梯--大廳無障礙閘門-天橋層電梯-月臺,1,1,1,0
文湖線,BR14,大直站,地下,大廳層(B1)，近出口2,出口1、出口3,主詢問處旁,付費區(B1)，近出口3,第1節、第4節車廂,左側開門。,有,有,有,有,無,0,1,1,1,0
文湖線,BR15,劍南路站,高架,大廳層(3樓)，近出口2、3,出口1、出口2,主詢問處、簡易詢問處旁,付費區(3樓)，近出口2、3,第1節、第4節車廂,右側開門。,有,有,有,有,無,0,1,1,1,0
文湖線,BR16,西湖站,高架,大廳層(4樓)，近出口1,出口1、出口2,主詢問處、簡易詢問處旁,非付費區(4樓)，近出口1,第1節、第4節車廂,左側開門。,有,有,有,有,無,0,1,1,1,0
文湖線,BR17,港墘站,高架,大廳層(3樓)，近出口1,出口1、出口2,主詢問處、簡易詢問處旁,非付費區(3樓)，近出口1,第1節、第4節車廂,右側開門。,有,有,有,有,無,0,1,1,1,0
文湖線,BR18,文德站,高架,大廳層(3樓)，近出口2,出口1、出口2,主詢問處、簡易詢問處旁,非付費區(3樓)，近出口2,第1節、第4節車廂,右側開門。,有,有,有,有,無,0,1,1,1,0
文湖線,BR19,內湖站,高架,大廳層(3樓)，近出口1,出口1、出口2,主詢問處、簡易詢問處旁,非付費區(3樓)，近出口1,第1節、第4節車廂,右側開門。,有,有,有,有,無,0,1,1,1,0
文湖線,BR20,大湖公園站,高架,大廳層(3樓)，近出口2,出口1、出口2,主詢問處、簡易詢問處旁,非付費區(3樓)，近出口2,第1節、第4節車廂,右側開門。,有,有,有,有,無,0,1,1,1,0
文湖線,BR21,葫洲站,高架,大廳層(3樓)，近出口2,出口1、出口2,主詢問處、簡易詢問處旁,非付費區(1樓)，近出口1；非付費區(3樓)，近出口2,第1節、第4節車廂,右側開門。,有,有,有,有,無,0,1,1,1,0
文湖線,BR22,東湖站,高架,大廳層(2樓)，近出口3,出口1、出口2、出口3,主詢問處、簡易詢問處旁,非付費區(2樓)，近出口3,第1節、第4節車廂,右側開門。,有,有,有,有,無,0,1,1,1,0
文湖線,BR23,南港軟體園區站,高架,大廳層(2樓)，近出口1、2,出口1、出口2,主詢問處、簡易詢問處旁,非付費區(2樓)，近出口2,第1節、第4節車廂,右側開門。,有,有,有,有,無,0,1,1,1,0
文湖線/板南線,BR24/BL23,南港展覽館站,【文湖線】高架。【板南線】地下。,【文湖線】大廳層(1樓)，近出口2。【板南線】大廳層(B2)，近出口5。,【文湖線】出口1、出口2。【板南線】出口5、6中間、2A出口。,【文湖線】1F主詢問處旁、1F簡易詢問處旁、B1簡易詢問處旁。【板南線】主詢問處旁。,【文湖線】非付費區(B1)，近出口1；非付費區，近出口2、4站外(配合展覽館活動開放使用)；付費區(1樓)，近出口2、4之間。【板南線】轉乘通道層(B1)，近出口5；非付費區(B2)，近出口5；付費區(B2)，大廳電梯旁,【文湖線】第1節、第4節車廂。【板南線】第1節、第6節車廂。,【文湖線】左側開門。【板南線】左側開門，右側開門。,有,有,有,有,無,0,1,1,1,0
松山新店線,G03A,小碧潭站,高架,大廳層(4樓)，近出口1,出口1、出口2,主詢問處旁,非付費區(4樓)，近出口1；付費區(4樓)閘門旁,第1節、第3節車廂,右側開門。,有,有,有,有,月臺前端,出口電梯--大廳無障礙閘門--月臺(註：出口2無導盲磚設施),1,1,1,0
松山新店線,G01,新店站,地下,大廳層(1樓)，近出口,單一出口,主詢問處旁,非付費區(1樓)，客運轉運站旁；付費區(1樓)，往月臺電梯旁,第1節、第6節車廂,左側開門。右側開門。,有,有,有,有,無,大廳無障礙閘門--月臺電梯--月臺,1,1,1,0
松山新店線,G02,新店區公所站,地下,大廳層(1樓)，近出口1,出口1,主詢問處旁,付費區(1樓)，大廳層電扶梯旁,第1節、第6節車廂,右側開門。,有,有,有,有,無,大廳無障礙閘門--月臺電梯--月臺,1,1,1,0
松山新店線,G03,七張站,地下,大廳層(1樓)，近出口1,出口1,主詢問處旁,付費區(1樓)，大廳層電扶梯旁,第1節、第6節車廂【往小碧潭列車(二月臺)-第1節、第3節車廂】,右側開門。,有,有,有,有,二月臺前端,大廳無障礙閘門--月臺電梯--月臺,1,1,1,0
松山新店線/環狀線,G04/Y07,大坪林站,【松山新店線】/【環狀線】地下,【松山新店線】大廳層(B1)，近出口3、4。【環狀線】大廳層(B1)，近出口5。,【松山新店線】出口3。【環狀線】出口5。,主詢問處旁,【松山新店線】非付費區(B1)，近出口3、4。【環狀線】付費區(B1)，松山新店線及環狀線轉乘通道旁。,【松山新店線】第1節、第6節車廂。【環狀線】第1節、第4節車廂。,左側開門。,有,有,有,有,無,【松山新店線】/【環狀線】出口電梯--大廳無障礙閘門--月臺電梯--月臺,1,1,1,0
松山新店線,G05,景美站,地下,大廳層(B1)，近出口1,出口1,主詢問處旁,非付費區(B1)，近出口1,第1節、第6節車廂,左側開門。,有,有,有,有,無,出口電梯--大廳無障礙閘門--月臺,1,1,1,0
松山新店線,G06,萬隆站,地下,大廳層(B1)，近出口3,出口4,主詢問處旁,非付費區(B1)，近出口3、4,第1節、第6節車廂,左側開門。,有,有,有,有,無,出口電梯--大廳無障礙閘門--月臺,1,1,1,0
松山新店線,G07,公館站,地下,大廳層(B1)，近出口1、2,出口1、出口2,主詢問處旁,非付費區(B1)，近出口1、2,第1節、第6節車廂,左側開門。,有,有,有,有,無,出口電梯--大廳無障礙閘門--月臺,1,1,1,0
松山新店線,G08,台電大樓站,地下,大廳層(B1)，近出口3,出口5,主詢問處旁,非付費區(B1)，近出口3、4,第1節、第6節車廂,左側開門。,有,有,有,有,無,出口電梯--大廳無障礙閘門--月臺,1,1,1,0
中和新蘆線/松山新店線,O05/G09,古亭站,地下,大廳層(B1)，近出口1、2、3、4；大廳層(B1)，近出口5、6、7、8、9,出口1,主詢問處旁,非付費區(B1)，近出口1、2、3、4,第1節、第6節車廂,【中和新蘆線】往蘆洲、迴龍-左側開門，往南勢角-右側開門。【松山新店線】往松山-右側開門，往新店-左側開門。,有,有,有,有,【中和新蘆線】四月臺前端。【松山新店線】一、三月臺前端。,【中和新蘆線】/【松山新店線】出口電梯--大廳無障礙閘門-月臺電梯-月臺,1,1,1,0
松山新店線/淡水信義線,G10/R08,中正紀念堂站,地下,大廳層(B1)，近出口2、3、4；大廳層(B1)，近出口5、6、7,出口1、出口5,主詢問處旁,非付費區(B1)，近出口2、3、4；非付費區(B1)，近出口5、6、7,第1節、第6節車廂,【淡水信義線】往淡水-左側開門，往象山、大安-右側開門。【松山新店線】往松山-右側開門，往新店-左側開門。,有,有,有,有,【松山新店線】二、四月臺前端。【淡水信義線】一、三月臺前端。,【松山新店線】/【淡水信義線】出口電梯--大廳無障礙閘門--月臺電梯--月臺,1,1,1,0
松山新店線,G11,小南門站,地下,大廳層(B1)，近出口3、4,出口3及出口4中間,主詢問處旁,非付費區(B1)，近出口3、4,第1節、第6節車廂,左側開門。,有,有,有,有,無,出口電梯--大廳無障礙閘門--月臺電梯--月臺,1,1,1,0
中和新蘆線,O04,頂溪站,地下,大廳層(B3)，近出口1,出口1,主詢問處旁,非付費區(B3)，近出口1,第1節、第6節車廂,左側開門。,有,有,有,有,一月臺前端,出口電梯--大廳無障礙閘門-月臺電梯-月臺,1,1,1,0
中和新蘆線,O03,永安市場站,地下,大廳層(B2)，近出口,單一出口,主詢問處旁,付費區(B2)，近閘門區,第1節、第6節車廂,往蘆洲、迴龍-右側開門。往南勢角-左側開門。,有,有,有,有,一月臺前端,出口電梯--大廳無障礙閘門-月臺電梯-月臺,1,1,1,0
中和新蘆線/環狀線,O02/Y11,景安站,【中和新蘆線】地下。【環狀線】高架。,【中和新蘆線】大廳層(1樓)，近出口。【環狀線】付費區(5樓)，近出口。,單一出口,【中和新蘆線】主詢問處旁,【中和新蘆線】付費區(1樓)，近出口。【環狀線】付費區(3樓)，近大廳電梯。,【中和新蘆線】第1節、第6節車廂。【環狀線】第1節、第4節車廂。,【中和新蘆線】往蘆洲、迴龍-左側開門，往南勢角-右側開門。【環狀線】右側開門。,有,有,有,有,無,【中和新蘆線】/【環狀線】出口--大廳無障礙閘門--月臺電梯--月臺,1,1,1,0
中和新蘆線,O01,南勢角站,地下,大廳層(B3)，近出口3、4,出口3與出口4中間,主詢問處旁,付費區(B3)，近出口3、4,第1節、第6節車廂,左側開門。右側開門。,有,有,有,有,無,出口電梯--大廳無障礙閘門-月臺電梯-月臺,1,1,1,0
淡水信義線,R09,台大醫院站,地下,大廳層(B1)，近出口3、4,出口1、出口2、出口3,主詢問處、簡易詢問處旁,非付費區(B1)，近出口1,第1節、第6節車廂,左側開門。,有,有,有,有,無,出口電梯--大廳無障礙閘門--月臺電梯--月臺,1,1,1,0
淡水信義線/板南線,BL12/R10,台北車站,【淡水信義線】/【板南線】地下,【淡水信義線】大廳層(B3)，近台鐵/高鐵轉乘區。【板南線】大廳層(B2)，近出口M4、M5、M6；大廳層(B2)，近出口M3、M7、M8。,【淡水信義線】出口M2。【板南線】出口M4。,主詢問處旁,【淡水信義線】非付費區(B1)，近出口M1、M2；非付費區(B3)，近詢問處；付費區(B3)，往板南線樓梯。【板南線】非付費區(B1)，近出口M5；付費區(B2)，近往淡水信義線樓梯。,第1節、第6節車廂,【淡水信義線】左側開門。【板南線】左側開門。,有,有,有,有,【淡水信義線】一月臺前端。【板南線】無。,【淡水信義線】/【板南線】出口電梯--大廳無障礙閘門--月臺電梯--月臺,1,1,1,1
淡水信義線/松山新店線,R11/G14,中山站,【淡水信義線】/【松山新店線】地下,【淡水信義線】大廳層(B1)，近出口1、4。【松山新店線】大廳層(B1)，近出口5、6。,【淡水信義線】出口4。【松山新店線】出口5、出口6。,主詢問處旁,【淡水信義線】非付費區(B1)，近出口1(中山藝文廊內)。【松山新店線】非付費區(B1)，近出口6。,第1節、第6節車廂,【淡水信義線】左側開門。【松山新店線】左側開門。,有,有,有,有,【淡水信義線】一、二月臺前端。【松山新店線】無。,【淡水信義線】出口電梯--大廳無障礙閘門--月臺電梯--月臺。【松山新店線】0。,1,1,1,0
淡水信義線,R12,雙連站,地下,大廳層(B1)，近出口1、2,出口2,主詢問處旁,非付費區(B1)，近出口1，往中山地下街,第1節、第6節車廂,左側開門。,有,有,有,有,一、二月臺前端,出口電梯--大廳無障礙閘門--月臺電梯--月臺,1,1,1,0
淡水信義線/中和新蘆線,R13/O11,民權西路站,【淡水信義線】/【中和新蘆線】地下,【淡水信義線】大廳層(1樓)，近出口1。【中和新蘆線】大廳層(B2)，近出口7、8、9、10。,【淡水信義線】出口1。【中和新蘆線】出口10。,主詢問處旁,【淡水信義線】付費區，近出口1。【中和新蘆線】非付費區(B2)，近出口5；付費區(B2)，近出口7、8。,第1節、第6節車廂,【淡水信義線】左側開門。【中和新蘆線】左側開門。,有,有,有,有,【淡水信義線】一、二月臺前端。【中和新蘆線】三、四月臺前端。,【淡水信義線】出口--大廳無障礙閘門--月臺電梯--月臺。【中和新蘆線】0。,1,1,1,0
淡水信義線,R14,圓山站,高架,大廳層(1樓)，近出口1,出口1、出口2,主詢問處旁、簡易詢問處旁, 付費區(1樓)，近出口1,第1節、第6節車廂,左側開門。,有,有,有,有,無,出口--大廳無障礙閘門--月臺電梯--月臺,1,1,1,1
淡水信義線,R15,劍潭站,高架,大廳層(1樓)，近出口1、出口2,出口2、出口3,主詢問處旁、簡易詢問處旁, 付費區(1樓)，近出口1、出口2,第1節、第6節車廂,左側開門。,有,有,有,有,無,出口--大廳無障礙閘門--月臺電梯--月臺(註：出口3無導盲磚設施),1,1,1,0
淡水信義線,R16,士林站,高架,大廳層(1樓)，近出口1、出口2,出口1、出口2,主詢問處旁、簡易詢問處旁, 付費區(1樓)，近出口1、出口2,第1節、第6節車廂,左側開門。,有,有,有,有,無,出口--大廳無障礙閘門--月臺電梯--月臺,1,1,1,0
淡水信義線,R17,芝山站,高架,大廳層(1樓)，近出口1、出口2,出口1、出口2,主詢問處旁, 付費區(1樓)，近出口1、出口2,第1節、第6節車廂,左側開門。,有,有,有,有,二月臺前端,出口--大廳無障礙閘門--月臺電梯--月臺,1,1,1,0
淡水信義線,R18,明德站,高架,大廳層(1樓)，近出口1,出口1、出口2、出口3,主詢問處、簡易詢問處旁, 付費區(1樓)，近出口1,第1節、第6節車廂,左側開門。,有,有,有,有,無,出口--大廳無障礙閘門--月臺電梯--月臺(註：出口2、出口3無導盲磚設施),1,1,1,0
淡水信義線,R19,石牌站,高架,大廳層(1樓)，近出口1、出口2,出口1、出口2,主詢問處旁, 付費區(1樓)，近出口1、出口2,第1節、第6節車廂,左側開門。,有,有,有,有,無,出口--大廳無障礙閘門--月臺電梯--月臺(註：出口2無導盲磚設施),1,1,1,0
淡水信義線,R20,唭哩岸站,高架,大廳層(1樓)，近出口1,出口1、出口2,主詢問處旁, 付費區(1樓)，近出口1,第1節、第6節車廂,左側開門。,有,有,有,有,無,出口--大廳無障礙閘門--月臺電梯--月臺(註：出口2無導盲磚設施),1,1,1,0
淡水信義線,R21,奇岩站,高架,大廳層(1樓)，近出口,單一出口,主詢問處旁, 付費區(1樓)，近出口,第1節、第6節車廂,左側開門。,有,有,有,有,無,出口--大廳無障礙閘門--月臺電梯--月臺,1,1,1,0
淡水信義線,R22,北投站,高架,大廳層(1樓)，近出口1、出口2,出口1、出口2,主詢問處旁, 付費區(1樓)，近出口1、出口2,第1節、第6節車廂【往新北投列車(四月臺)-第1節、第3節車廂】,左側開門。,有,有,有,有,無,出口--大廳無障礙閘門--月臺電梯--月臺,1,1,1,0
淡水信義線,R22A,新北投站,高架,大廳層(1樓)，近出口1,出口1,主詢問處旁, 付費區(1樓)，近出口1,第1節、第3節車廂,左側開門。,有,有,有,有,無,出口--大廳無障礙閘門--月臺電梯--月臺(註：出口2無導盲磚設施),1,1,1,0
淡水信義線,R23,復興崗站,平面,大廳層(1樓)，近出口1,出口1,主詢問處旁, 付費區(1樓)，近出口1,第1節、第6節車廂,右側開門。,有,有,有,有,無,出口--大廳無障礙閘門--月臺電梯--月臺,1,1,1,0
淡水信義線,R24,忠義站,平面,大廳層(1樓)，近出口1,出口1、出口2,主詢問處旁、出口2, 付費區(1樓)，近出口1,第1節、第6節車廂,右側開門。,有,有,有,有,無,出口--大廳無障礙閘門--月臺電梯--月臺(註：出口2無導盲磚設施),1,1,1,0
淡水信義線,R25,關渡站,平面,大廳層(1樓)，近出口1,出口1、出口2,主詢問處旁、出口2, 付費區(1樓)，近出口1,第1節、第6節車廂,右側開門。,有,有,有,有,無,出口--大廳無障礙閘門--月臺電梯--月臺(註：出口2無導盲磚設施),1,1,1,0
淡水信義線,R26,竹圍站,平面,大廳層(1樓)，近出口1,出口1、出口2,主詢問處旁、出口2, 付費區(1樓)，近出口1,第1節、第6節車廂,右側開門。,有,有,有,有,無,出口--大廳無障礙閘門--月臺電梯--月臺(註：出口2無導盲磚設施),1,1,1,0
淡水信義線,R27,紅樹林站,平面,大廳層(1樓)，近出口1,出口1、出口2(僅往停車場),主詢問處旁、出口2(僅往停車場), 付費區(1樓)，近出口1,第1節、第6節車廂,右側開門。,有,有,有,有,無,出口--大廳無障礙閘門--月臺電梯--月臺(註：出口2無導盲磚設施),1,1,1,0
淡水信義線,R28,淡水站,高架,大廳層(1樓)，近出口1,出口1,主詢問處旁,非付費區(1樓)，近站後公園；非付費區(1樓)，近公車站；付費區(1樓)，近出口1,第1節、第6節車廂,左側開門。右側開門。,有,有,有,有,無,出口--大廳無障礙閘門--月臺電梯--月臺(註：出口2、出口3無導盲磚設施),1,1,1,0
板南線,BL01,頂埔站,地下,大廳層(B3)，近出口3、4,出口1、出口3、出口4,主詢問處旁,非付費區(B3)，近出口3；付費區(B3)，大廳層,第1節、第6節車廂,左側開門。右側開門。,有,有,有,有,無,0,1,1,1,0
板南線,BL02,永寧站,地下,大廳層(B1)，近出口2,出口1、出口2,主詢問處旁,非付費區(B1)、近出口3；非付費區(B1)、近出口2,第1節、第6節車廂,左側開門。,有,有,有,有,無,出口電梯--大廳無障礙閘門--月臺電梯--月臺,1,1,1,0
板南線,BL03,土城站,地下,大廳層(B1)，近出口1,出口1,主詢問處旁,非付費區(B1)、近出口3,第1節、第6節車廂,左側開門。,有,有,有,有,無,出口電梯--大廳無障礙閘門--月臺電梯--月臺,1,1,1,0
板南線,BL04,海山站,地下,大廳層(B1)，近出口2,出口2,主詢問處旁,付費區(B1)、大廳電梯後方,第1節、第6節車廂,左側開門。,有,有,有,有,無,出口電梯--大廳無障礙閘門--月臺電梯--月臺,1,1,1,0
板南線,BL05,亞東醫院站,地下,大廳層(B1)，近出口1、2,出口3,主詢問處旁,付費區(B1)、大廳電梯後方,第1節、第6節車廂,左側開門。,有,有,有,有,無,出口電梯--大廳無障礙閘門--月臺電梯--月臺,1,1,1,0
板南線,BL06,府中站,地下,大廳層(B2)，近出口1,出口1,主詢問處旁,付費區(B2)、詢問處旁,第1節、第6節車廂,往南港展覽館-左側開門，往頂埔-右側開門。,有,有,有,有,無,出口電梯--大廳無障礙閘門--月臺電梯--月臺,1,1,1,0
板南線/環狀線,BL07/Y16,板橋站,【板南線】地下。【環狀線】高架。,【板南線】大廳層(B2)，近出口3。【環狀線】大廳層(3樓)，近出口4。,【板南線】出口3。【環狀線】出口4、出口5。,主詢問處旁,【板南線】非付費區(B2)，近出口3。【環狀線】非付費區(3樓)，近出口5。,【板南線】第1節、第6節車廂。【環狀線】第1節、第4節車廂。,左側開門。,有,有,有,有,【板南線】一、二月臺前端。【環狀線】無。,【板南線】/【環狀線】出口電梯--大廳無障礙閘門--月臺電梯--月臺,1,1,1,0
板南線,BL08,新埔站,地下,大廳層(B1)，近出口4,出口4、出口5,主詢問處旁,非付費區(B1)、近出口4、5,第1節、第6節車廂,左側開門。,有,有,有,有,二月臺前端,出口電梯--大廳無障礙閘門--月臺電梯--月臺,1,1,1,0
板南線,BL09,江子翠站,地下,大廳層(B1)，近出口1、2,出口3,主詢問處旁,非付費區(B1)、近出口1、2、3,第1節、第6節車廂,左側開門。,有,有,有,有,無,出口電梯--大廳無障礙閘門--月臺電梯--月臺,1,1,1,0
板南線,BL10,龍山寺站,地下,大廳層(B1)，近出口2,出口1,主詢問處旁,付費區(B1)、大廳電梯旁,第1節、第6節車廂,左側開門。,有,有,有,有,二月臺前端,出口電梯--大廳無障礙閘門--月臺電梯--月臺,1,1,1,0
板南線/松山新店線,BL11/G12,西門站,地下,大廳層(B1)，近出口1、6,出口4、出口6,主詢問處旁,付費區(B1)、大廳電梯後方,第1節、第6節車廂,【板南線】往南港展覽館-右側開門，往頂埔-左側開門。【松山新店線】往松山-左側開門，往新店-右側開門。,有,有,有,有,【板南線】一、三月臺前端。【松山新店線】無。,【板南線】/【松山新店線】出口電梯--大廳無障礙閘門--月臺電梯--月臺,1,1,1,0
板南線,BL13,善導寺站,地下,大廳層(B1)，近出口1、2、3,出口3,主詢問處旁,非付費區(B1)，近出口1、2、3,第1節、第6節車廂,左側開門。,有,有,有,有,無,出口電梯--大廳無障礙閘門--月臺電梯--月臺,1,1,1,0
板南線/中和新蘆線,BL14/O07,忠孝新生站,【板南線】/【中和新蘆線】地下,【板南線】大廳層(B1)，近出口1、2。【中和新蘆線】大廳層(B1)，近出口5、7。,出口2、出口3,主詢問處旁、簡易詢問處旁,【板南線】非付費區(B1)，近出口1、2。【中和新蘆線】付費區(B1)，大廳中間。,第1節、第6節車廂,【板南線】左側開門。【中和新蘆線】左側開門。,有,有,有,有,【板南線】一、二月臺前端。【中和新蘆線】三、四月臺前端。,【板南線】出口電梯--大廳無障礙閘門--月臺電梯--月臺。【中和新蘆線】0。,1,1,1,0
板南線,BL16,忠孝敦化站,地下,大廳層(B2)，近出口1、2、3、4,出口2,主詢問處旁,非付費區(B2)，近出口1、2、3、4,第1節、第6節車廂,左側開門。,有,有,有,有,一、二月臺前端,出口電梯--大廳無障礙閘門--月臺電梯--月臺,1,1,1,0
板南線,BL17,國父紀念館站,地下,大廳層(B1)，近出口3、4、5,出口3、4中間、出口5,主詢問處旁,非付費區(B1)，近出口3、4、5,第1節、第6節車廂,左側開門。,有,有,有,有,一、二月臺前端,出口電梯--大廳無障礙閘門--月臺電梯--月臺,1,1,1,0
板南線,BL18,市政府站,地下,大廳層(B1)，近出口1,出口2,主詢問處旁,非付費區(B1)，近出口1、2,第1節、第6節車廂,左側開門。,有,有,有,有,一、二月臺前端,出口電梯--大廳無障礙閘門--月臺電梯--月臺,1,1,1,0
板南線,BL19,永春站,地下,大廳層(B1)，近出口3、4、5,出口5,主詢問處旁,非付費區(B1)，近出口3、4、5,第1節、第6節車廂,左側開門。,有,有,有,有,無,出口電梯--大廳無障礙閘門--月臺電梯--月臺,1,1,1,0
板南線,BL20,後山埤站,地下,大廳層(B1)，近出口3、4,出口3,主詢問處旁,非付費區(B1)，近出口3、4,第1節、第6節車廂,左側開門。,有,有,有,有,無,出口電梯--大廳無障礙閘門--月臺電梯--月臺,1,1,1,0
板南線,BL21,昆陽站,地下,大廳層(1樓)，近出口4,出口4,主詢問處旁,付費區(1樓)，月臺電梯旁,第1節、第6節車廂,左側開門。,有,有,有,有,無,出口--大廳無障礙閘門--月臺電梯--月臺,1,1,1,0
板南線,BL22,南港站,地下,大廳層(B2)，近2A連通道,出口2,主詢問處旁,非付費區(B2)，近出口1；付費區(B2)，大廳電梯旁,第1節、第6節車廂,左側開門。,有,有,有,有,無,出口電梯--大廳無障礙閘門--月臺電梯--月臺,1,1,1,0
淡水信義線,R02,象山站,地下,大廳層(B1)，近出口1、2,出口1、出口2,主詢問處旁,付費區(B1)，近往月臺電梯,第1節、第6節車廂,左側開門。右側開門。,有,有,有,有,無,0,1,1,1,0
淡水信義線,R03,台北101/世貿站,地下,大廳層(B1)，近出口3、4、5,出口3、出口4、出口5,主詢問處旁,付費區(B1)，近往月臺電梯；非付費區(B1)，近出口4，往台北101通道,第1節、第6節車廂,左側開門。,有,有,有,有,無,0,1,1,1,0
淡水信義線,R04,信義安和站,地下,大廳層(B1)，近出口3、4、5,2A出口、出口5,主詢問處旁,付費區(B1)，近往月臺電梯,第1節、第6節車廂,左側開門。,有,有,有,有,無,0,1,1,1,0
淡水信義線,R06,大安森林公園站,地下,大廳層(B1)，近出口4、5、6,出口4、出口5、出口6,主詢問處旁,非付費區(B1)，近出口3；非付費區(B1)，近出口5,第1節、第6節車廂,左側開門。,有,有,有,有,無,0,1,1,1,0
松山新店線,G13,北門站,地下,大廳層(B2)，近出口1,出口2、出口3,主詢問處旁,非付費區(B1)，近出口2；非付費區(B2)，近1號詢問處,第1節、第6節車廂,右側開門。,有,有,有,有,無,0,1,1,1,0
松山新店線,G17,台北小巨蛋站,地下,大廳層(B1)，近出口3、4,出口1、出口2、出口3,主詢問處旁,非付費區(B1)，近出口2；付費區(B1)，近出口3、4,第1節、第6節車廂,左側開門。,有,有,有,有,無,0,1,1,1,0
松山新店線,G18,南京三民站,地下,大廳層(B1)，近出口1、2,出口1、出口2,主詢問處旁,非付費區(B1)，近出口2、3；付費區(B1)，近出口1、4,第1節、第6節車廂,左側開門。,有,有,有,有,無,0,1,1,1,0
松山新店線,G19,松山站,地下,大廳層(B2)，近出口5,出口3、出口5,主詢問處旁,非付費區(B2)，近東側橢圓大廳；付費區(B2)，大廳層中央,第1節、第6節車廂,左側開門。右側開門。,有,有,有,有,無,0,1,1,1,0
中和新蘆線,O19,輔大站,地下,大廳層(B1)，近出口1、2,出口1、出口2,主詢問處旁,非付費區(B1)，近出口2；付費區(B1)，近往月臺電梯,第1節、第6節車廂,左側開門。,有,有,有,有,二月臺前端,0,1,1,1,0
中和新蘆線,O18,新莊站,地下,大廳層(B1)，近出口1、2,出口1、出口2,主詢問處旁,非付費區(B1)，近出口1；付費區(B1)，近大廳東側,第1節、第6節車廂,左側開門。,有,有,有,有,無,0,1,1,1,0
中和新蘆線/環狀線,O17/Y18,頭前庄站,【中和新蘆線】地下。【環狀線】高架。,【中和新蘆線】大廳層(B1)，近出口1、2。【環狀線】大廳層(1樓)，近出口1。,出口1,【環狀線】主詢問處旁,【中和新蘆線】付費區(B1)，近出口1；非付費區(B1)，近大廳中間。【環狀線】付費區(1樓)，近出口1；付費區(3樓)，近大廳電梯。,【中和新蘆線】第1節、第6節車廂。【環狀線】第1節、第4節車廂。,左側開門。,有,有,有,有,無,【中和新蘆線】0。【環狀線】出口--大廳無障礙閘門--月臺電梯--月臺。,1,1,1,0
中和新蘆線,O16,先嗇宮站,地下,大廳層(B1)，近出口1、3,出口1,主詢問處旁,付費區(B1)，近詢問處,第1節、第6節車廂,左側開門。,有,有,有,有,無,0,1,1,1,0
中和新蘆線,O15,三重站,地下,大廳層(B3)，近出口1,出口1,主詢問處旁,非付費區(B3)，近出口1；付費區(B3)，近往月臺電梯,第1節、第6節車廂,左側開門。,有,有,有,有,無,0,1,1,1,0
中和新蘆線,O14,菜寮站,地下,大廳層(B1)，近出口1、2,出口2,主詢問處旁,付費區(B1)，近出口3,第1節、第6節車廂,左側開門。,有,有,有,有,無,0,1,1,1,0
中和新蘆線,O13,台北橋站,地下,大廳層(B4)，近出口,單一出口,主詢問處旁,付費區(B4)，近詢問處；付費區(B4)，近大廳東側,第1節、第6節車廂,往迴龍-左側開門，往南勢角-右側開門。,有,有,有,有,無,0,1,1,1,0
中和新蘆線,O12,大橋頭站,地下,大廳層(B2)，近出口1,出口1後方,主詢問處旁,非付費區(B2)，近出口1；付費區(B2)，近出口2、3(大廳中間),第1節、第6節車廂,左側開門。,有,有,有,有,無,0,1,1,1,0
中和新蘆線,O10,中山國小站,地下,大廳層(B1)，近出口1、4,出口2、出口4,主詢問處旁,非付費區(B1)，近出口4(僅有女廁)；付費區(B1)，近出口3、4,第1節、第6節車廂,左側開門。,有,有,有,有,一、二月臺前端,0,1,1,1,0
中和新蘆線,O09,行天宮站,地下,大廳層(B1)，近出口1、2,出口2,主詢問處旁,付費區(B1)，近出口1、4(大廳中間),第1節、第6節車廂,左側開門。,有,有,有,有,無,0,1,1,1,0
中和新蘆線,O08/G15,松江南京站,地下,大廳層(B1)，近出口1；大廳層(B1)，近出口2、3,出口1、出口2、出口8,主詢問處旁,非付費區(B1)，近出口1；非付費區(B1)，近出口2；非付費區(B1)，近出口5、6；付費區(B1)，近出口8,第1節、第6節車廂,【中和新蘆線】左側開門。【松山新店線】右側開門。,有,有,有,有,無,0,1,1,1,0
淡水信義線/中和新蘆線,R07/O06,東門站,地下,大廳層(B1)，近出口4、5、6、7、8,出口8,主詢問處旁、簡易詢問處旁,非付費區(B1)，近出口6；付費區(B1)，近往月臺電梯,第1節、第6節車廂,【中和新蘆線】往蘆洲、迴龍-右側開門，往南勢角-左側開門。【淡水信義線】往淡水-右側開門，往象山、大安-左側開門。,有,有,有,有,無,0,1,1,1,0
中和新蘆線,O54,蘆洲站,地下,大廳層(B1)，近出口1、3,出口2,主詢問處旁,非付費區(B1)，近出口1；付費區(B1)，近往月臺電扶梯,第1節、第6節車廂,左側開門。右側開門。,有,有,有,有,無,0,1,1,1,0
中和新蘆線,O53,三民高中站,地下,大廳層(B4)，近出口1、2,出口1,主詢問處旁,付費區(B2)，近往月臺電扶梯,第1節、第6節車廂,左側開門。,有,有,有,有,無,0,1,1,1,0
中和新蘆線,O52,徐匯中學站,地下,大廳層(B1)，近出口2,出口2,主詢問處旁,非付費區(B1)，近出口1,第1節、第6節車廂,左側開門。,有,有,有,有,無,0,1,1,1,0
中和新蘆線,O51,三和國中站,地下,大廳層(B1)，近出口1、2,出口1、出口2,主詢問處旁,付費區(B1)，近往月臺電梯,第1節、第6節車廂,左側開門。,有,有,有,有,無,0,1,1,1,0
中和新蘆線,O50,三重國小站,地下,大廳層(B1)，近出口,單一出口,主詢問處旁,非付費區(B1)，近出口,第1節、第6節車廂,左側開門。,有,有,有,有,無,0,1,1,1,0
中和新蘆線,O21,迴龍站,地下,大廳層(B1)，近出口1,出口1,主詢問處旁, 付費區(B1)，近往月臺電梯,第1節、第6節車廂,左側開門。右側開門。,有,有,有,有,一月臺前端,0,1,1,1,0
中和新蘆線,O20,丹鳳站,地下,大廳層(B1)，近出口1、2,出口2,主詢問處旁,付費區(B1)，近大廳南側,第1節、第6節車廂,左側開門。,有,有,有,有,二月臺前端,0,1,1,1,0
環狀線,Y08,十四張站,高架,大廳層(2樓)，近出口,單一出口,主詢問處旁,非付費區(2樓)，近出口,第1節、第4節車廂,右側開門。,有,有,有,有,無,出口電梯--大廳無障礙閘門--月臺電梯--月臺,1,1,1,0
環狀線,Y09,秀朗橋站,高架,大廳層(2樓)，近出口1,出口2,主詢問處旁,付費區(4樓)，大廳電梯旁,第1節、第4節車廂,右側開門。,有,有,有,有,無,出口電梯--大廳無障礙閘門--月臺電梯--月臺,1,1,1,0
環狀線,Y10,景平站,高架,大廳層(4樓)，近出口,單一出口,主詢問處旁,非付費區(4樓)，近出口,第1節、第4節車廂,右側開門。,有,有,有,有,無,出口電梯--大廳無障礙閘門--月臺電梯--月臺,1,1,1,0
環狀線,Y12,中和站,高架,大廳層(1樓)，近出口,單一出口,主詢問處旁,付費區(3樓)，大廳電梯旁,第1節、第4節車廂,往新北產業園區-左側開門。往大坪林-右側開門。,有,有,有,有,無,出口--大廳無障礙閘門--月臺電梯--月臺,1,1,1,0
環狀線,Y13,橋和站,高架,大廳層(3樓)，近出口,單一出口,主詢問處旁,非付費區(3樓)，出口電梯旁,第1節、第4節車廂,往新北產業園區-右側開門。往大坪林-左側開門。,有,有,有,有,無,出口電梯--大廳無障礙閘門--月臺電梯--月臺,1,1,1,0
環狀線,Y14,中原站,高架,大廳層(3樓)，近出口,單一出口,主詢問處旁,非付費區(3樓)，出口電梯旁,第1節、第4節車廂,往新北產業園區-右側開門。往大坪林-左側開門。,有,有,有,有,無,出口電梯--大廳無障礙閘門--月臺電梯--月臺,1,1,1,0
環狀線,Y15,板新站,高架,大廳層(3樓)，近出口,單一出口,主詢問處旁,非付費區(3樓)，近出口,第1節、第4節車廂,右側開門。,有,有,有,有,無,出口電梯--大廳無障礙閘門--月臺電梯--月臺,1,1,1,0
環狀線,Y17,新埔民生站,高架,大廳層(3樓)，近出口,單一出口,主詢問處旁,付費區(3樓)，近往月臺電扶梯,第1節、第4節車廂,右側開門。,有,有,有,有,無,出口電梯--大廳無障礙閘門--月臺電梯--月臺,1,1,1,0
環狀線,Y19,幸褔站,高架,大廳層(3樓)，近出口1,出口1,主詢問處旁,非付費區(3樓)，近出口電梯,第1節、第4節車廂,右側開門。,有,有,有,有,無,出口電梯--大廳無障礙閘門--月臺電梯--月臺,1,1,1,0
環狀線,Y20,新北產業園區站,高架,大廳層(5樓)，近出口,單一出口,主詢問處旁,非付費區(5樓)，近出口；付費區(5樓)，往月臺電扶梯旁,第1節、第4節車廂,左側開門。右側開門。,有,有,有,有,無,出口電梯--大廳無障礙閘門--月臺電梯--月臺,1,1,1,0
